employee_id,employee_name,department,salary,dept_avg_salary,overall_avg_salary,diff_from_dept_avg
381,Jodi Roach,Engineering,149963.51,110815.04,88489.1,39148.47
709,Mark Pham,Engineering,149435.48,110815.04,88489.1,38620.44
268,Daniel Hayes,Engineering,148441.35,110815.04,88489.1,37626.31
853,Rebekah Gregory,Engineering,147981.59,110815.04,88489.1,37166.55
389,Patricia Morrow,Engineering,147362.82,110815.04,88489.1,36547.78
289,John Estrada,Engineering,147299.47,110815.04,88489.1,36484.43
911,Lisa Stanley,Engineering,146767.37,110815.04,88489.1,35952.33
791,Richard Saunders,Engineering,145624.56,110815.04,88489.1,34809.52
952,Eric Arnold,Engineering,145523.3,110815.04,88489.1,34708.26
511,Jamie Ferguson,Engineering,145082.38,110815.04,88489.1,34267.34
571,Jennifer Hunter,Engineering,144954.23,110815.04,88489.1,34139.19
785,Mark Martinez,Engineering,144893.04,110815.04,88489.1,34078.0
673,Denise Miller,Engineering,144352.28,110815.04,88489.1,33537.24
826,George Barron,Engineering,143274.8,110815.04,88489.1,32459.76
932,Benjamin Reilly,Engineering,143162.09,110815.04,88489.1,32347.05
328,Randy Conley,Engineering,141447.22,110815.04,88489.1,30632.18
280,Sandra Adams,Engineering,141220.64,110815.04,88489.1,30405.6
467,Michael Collins,Engineering,141190.7,110815.04,88489.1,30375.66
322,Kurt Hurley,Engineering,140425.18,110815.04,88489.1,29610.14
207,Nathan Ortiz,Engineering,139540.77,110815.04,88489.1,28725.73
708,Breanna Gonzalez,Engineering,138665.84,110815.04,88489.1,27850.8
844,Julie Garcia,Engineering,138361.23,110815.04,88489.1,27546.19
870,Michael Clements,Engineering,138100.89,110815.04,88489.1,27285.85
357,Amanda Payne,Engineering,137775.56,110815.04,88489.1,26960.52
965,Terry Ward,Engineering,137389.71,110815.04,88489.1,26574.67
95,Eric Ortiz,Engineering,137346.3,110815.04,88489.1,26531.26
115,Emma Fernandez,Engineering,137183.11,110815.04,88489.1,26368.07
331,Christopher Kim,Engineering,136731.57,110815.04,88489.1,25916.53
871,Daniel Gibson,Engineering,135899.56,110815.04,88489.1,25084.52
891,Tina Gordon,Engineering,135165.22,110815.04,88489.1,24350.18
692,Mr. Eric Baker,Engineering,134854.69,110815.04,88489.1,24039.65
660,Jody Lynch,Engineering,133354.85,110815.04,88489.1,22539.81
194,Mitchell Hicks,Engineering,132590.84,110815.04,88489.1,21775.8
110,Linda Dodson DVM,Engineering,132439.66,110815.04,88489.1,21624.62
640,Charles Moreno Jr.,Engineering,130973.97,110815.04,88489.1,20158.93
369,Lance Simmons,Engineering,130880.63,110815.04,88489.1,20065.59
474,Kenneth Hernandez,Engineering,130846.05,110815.04,88489.1,20031.01
854,Ian Johnson,Engineering,129165.06,110815.04,88489.1,18350.02
584,Samuel Wong,Engineering,128802.01,110815.04,88489.1,17986.97
213,Annette Schultz,Engineering,128452.04,110815.04,88489.1,17637.0
292,Paul Thompson,Engineering,128419.69,110815.04,88489.1,17604.65
657,Joshua Myers,Engineering,127975.7,110815.04,88489.1,17160.66
420,Jonathan Williams,Engineering,127499.17,110815.04,88489.1,16684.13
885,Veronica Moon,Engineering,126782.8,110815.04,88489.1,15967.76
172,Melissa Bradshaw,Engineering,126724.84,110815.04,88489.1,15909.8
950,Nancy Graham,Engineering,126229.32,110815.04,88489.1,15414.28
36,Deborah Brennan,Engineering,126198.73,110815.04,88489.1,15383.69
332,David Wallace,Engineering,126002.74,110815.04,88489.1,15187.7
451,Brandon Andrews,Engineering,125770.86,110815.04,88489.1,14955.82
130,Richard Pearson,Engineering,125072.19,110815.04,88489.1,14257.15
234,Renee Francis,Engineering,125050.78,110815.04,88489.1,14235.74
423,Nancy Evans MD,Engineering,124318.28,110815.04,88489.1,13503.24
954,Deborah Mercado,Engineering,124303.06,110815.04,88489.1,13488.02
394,Teresa Jacobson,Engineering,124203.28,110815.04,88489.1,13388.24
729,Rachel Walker,Engineering,123732.82,110815.04,88489.1,12917.78
434,Mary Fox,Engineering,123692.6,110815.04,88489.1,12877.56
124,Bethany Dean,Engineering,122113.63,110815.04,88489.1,11298.59
994,Shannon Campbell,Engineering,121424.16,110815.04,88489.1,10609.12
155,Bryan Herrera,Engineering,120720.46,110815.04,88489.1,9905.42
686,Brandi Wilkins,Engineering,118471.75,110815.04,88489.1,7656.71
757,Tracy Lawrence,Engineering,118344.35,110815.04,88489.1,7529.31
383,Ana Daniels,Engineering,118124.31,110815.04,88489.1,7309.27
654,Lori Mason,Engineering,117337.36,110815.04,88489.1,6522.32
814,Scott Taylor,Engineering,117269.3,110815.04,88489.1,6454.26
378,Kathryn Hughes,Engineering,117234.49,110815.04,88489.1,6419.45
321,Gregory Ponce,Engineering,116638.75,110815.04,88489.1,5823.71
73,Deborah Figueroa,Engineering,114875.04,110815.04,88489.1,4060.0
876,Nathan Rodriguez,Engineering,114630.33,110815.04,88489.1,3815.29
111,Kathy Rivas,Engineering,114584.43,110815.04,88489.1,3769.39
820,Jamie Sanford,Engineering,113659.97,110815.04,88489.1,2844.93
132,Michael Elliott,Engineering,113352.08,110815.04,88489.1,2537.04
723,Thomas Richard,Engineering,113135.29,110815.04,88489.1,2320.25
356,Lori Ingram,Engineering,112458.99,110815.04,88489.1,1643.95
88,Brian Waller,Engineering,111960.91,110815.04,88489.1,1145.87
742,Tiffany Jones,Engineering,111182.74,110815.04,88489.1,367.7
326,Daniel Meza,Engineering,110902.04,110815.04,88489.1,87.0
218,Charles Murray,Engineering,110777.94,110815.04,88489.1,-37.1
30,Lisa Hernandez,Engineering,110705.13,110815.04,88489.1,-109.91
880,Mary Blanchard,Engineering,110250.68,110815.04,88489.1,-564.36
587,Cathy Davidson,Engineering,109561.69,110815.04,88489.1,-1253.35
955,Alicia Hunter,Engineering,109459.8,110815.04,88489.1,-1355.24
133,Pamela Jackson,Engineering,109154.0,110815.04,88489.1,-1661.04
189,Mario Wolf,Engineering,109107.73,110815.04,88489.1,-1707.31
914,Kimberly Davis,Engineering,108966.6,110815.04,88489.1,-1848.44
226,Kathleen Strong,Engineering,108768.13,110815.04,88489.1,-2046.91
240,Alexander Henson,Engineering,108260.42,110815.04,88489.1,-2554.62
559,Eric Rush,Engineering,107593.23,110815.04,88489.1,-3221.81
340,Brittany Kim,Engineering,107357.44,110815.04,88489.1,-3457.6
457,Kathleen Mays,Engineering,107200.76,110815.04,88489.1,-3614.28
283,Amanda Reese,Engineering,106028.08,110815.04,88489.1,-4786.96
829,Bonnie Gross,Engineering,105436.08,110815.04,88489.1,-5378.96
736,Jeremy Baker,Engineering,104559.15,110815.04,88489.1,-6255.89
947,Emily Hayes,Engineering,104425.31,110815.04,88489.1,-6389.73
306,Madison Weber,Engineering,102339.18,110815.04,88489.1,-8475.86
387,Regina Arnold,Engineering,100441.42,110815.04,88489.1,-10373.62
384,Michael Ho,Engineering,99542.46,110815.04,88489.1,-11272.58
496,Charles Keller,Engineering,98736.7,110815.04,88489.1,-12078.34
397,Brittany Hopkins,Engineering,97721.93,110815.04,88489.1,-13093.11
909,David Rivera,Engineering,97688.68,110815.04,88489.1,-13126.36
639,Patricia Mullins,Engineering,97370.61,110815.04,88489.1,-13444.43
156,Cindy Washington,Engineering,97349.77,110815.04,88489.1,-13465.27
553,Erika Cruz,Engineering,97144.42,110815.04,88489.1,-13670.62
991,Crystal Lang,Engineering,96615.21,110815.04,88489.1,-14199.83
975,Karen Mendoza,Engineering,95968.7,110815.04,88489.1,-14846.34
196,Thomas Romero,Engineering,95966.87,110815.04,88489.1,-14848.17
49,Jeremy Callahan,Engineering,95518.05,110815.04,88489.1,-15296.99
10,Lisa Hensley,Engineering,93479.05,110815.04,88489.1,-17335.99
585,Victoria Sanchez,Engineering,93054.76,110815.04,88489.1,-17760.28
243,Elizabeth Vasquez,Engineering,92872.54,110815.04,88489.1,-17942.5
732,Vincent Johnson DDS,Engineering,92724.67,110815.04,88489.1,-18090.37
28,Shawn Baker,Engineering,92713.68,110815.04,88489.1,-18101.36
966,Amber Hooper,Engineering,91429.89,110815.04,88489.1,-19385.15
42,Cynthia Caldwell,Engineering,89182.99,110815.04,88489.1,-21632.05
696,William Johnson,Engineering,89171.66,110815.04,88489.1,-21643.38
620,Jennifer Hayes,Engineering,88685.39,110815.04,88489.1,-22129.65
441,Jamie Baird,Engineering,87378.47,110815.04,88489.1,-23436.57
627,John Cooper,Engineering,86791.81,110815.04,88489.1,-24023.23
910,Brittany Morris,Engineering,85321.71,110815.04,88489.1,-25493.33
428,Mikayla Silva,Engineering,84675.38,110815.04,88489.1,-26139.66
116,Melissa Mccarthy,Engineering,84283.57,110815.04,88489.1,-26531.47
761,Robert Byrd,Engineering,84230.72,110815.04,88489.1,-26584.32
574,Mary Kelly,Engineering,84166.58,110815.04,88489.1,-26648.46
276,Daniel Douglas,Engineering,82636.39,110815.04,88489.1,-28178.65
549,Nancy Stewart,Engineering,82313.56,110815.04,88489.1,-28501.48
372,Rebecca Shelton,Engineering,81854.23,110815.04,88489.1,-28960.81
973,Daniel Lopez,Engineering,80382.64,110815.04,88489.1,-30432.4
86,Sharon Rasmussen,Engineering,80206.42,110815.04,88489.1,-30608.62
677,Kristy Torres,Engineering,79459.07,110815.04,88489.1,-31355.97
376,Phillip Berry,Engineering,77604.24,110815.04,88489.1,-33210.8
253,Andrea Hubbard,Engineering,77439.25,110815.04,88489.1,-33375.79
753,Anna Stephens,Engineering,77071.76,110815.04,88489.1,-33743.28
541,Steven Rivera,Engineering,76804.51,110815.04,88489.1,-34010.53
269,Jesse Perry,Engineering,76538.03,110815.04,88489.1,-34277.01
426,Molly Watts,Engineering,75523.67,110815.04,88489.1,-35291.37
287,John Ramos,Engineering,74727.51,110815.04,88489.1,-36087.53
564,Dana Bennett,Engineering,73869.02,110815.04,88489.1,-36946.02
831,David Nichols,Engineering,73822.51,110815.04,88489.1,-36992.53
245,Tracy Barnes,Engineering,73453.9,110815.04,88489.1,-37361.14
446,Mckenzie Schmidt,Engineering,73115.04,110815.04,88489.1,-37700.0
336,Joseph Burch,Engineering,72693.53,110815.04,88489.1,-38121.51
477,Jesus Brown,Engineering,71997.73,110815.04,88489.1,-38817.31
566,Michael Pierce,Engineering,71681.69,110815.04,88489.1,-39133.35
290,Kyle Smith,Engineering,71440.52,110815.04,88489.1,-39374.52
936,Tyler Thomas,Engineering,70906.61,110815.04,88489.1,-39908.43
87,James Zavala,Engineering,70602.75,110815.04,88489.1,-40212.29
769,Peter Ayers,Engineering,70389.47,110815.04,88489.1,-40425.57
901,Matthew House,Engineering,70376.99,110815.04,88489.1,-40438.05
93,Helen Jones,Engineering,70216.87,110815.04,88489.1,-40598.17
20,Derek Wright,Finance,139807.94,95349.86,88489.1,44458.08
967,Kelly Gallegos,Finance,139685.23,95349.86,88489.1,44335.37
944,Julia Dunn MD,Finance,139370.81,95349.86,88489.1,44020.95
22,Yolanda Hicks,Finance,138590.97,95349.86,88489.1,43241.11
244,Chad Chavez,Finance,138163.77,95349.86,88489.1,42813.91
752,Elizabeth Sanders,Finance,136970.02,95349.86,88489.1,41620.16
644,Mrs. Brenda Hill,Finance,136356.46,95349.86,88489.1,41006.6
355,David Smith DDS,Finance,134677.17,95349.86,88489.1,39327.31
897,Sara Vaughn,Finance,133795.35,95349.86,88489.1,38445.49
787,Hannah Martin,Finance,133010.68,95349.86,88489.1,37660.82
151,Rebecca Davis,Finance,132053.67,95349.86,88489.1,36703.81
733,Mr. Keith Zuniga,Finance,130914.67,95349.86,88489.1,35564.81
872,Kara Sandoval,Finance,130381.48,95349.86,88489.1,35031.62
505,Connor Adams,Finance,130325.45,95349.86,88489.1,34975.59
456,Victoria Mitchell,Finance,130317.94,95349.86,88489.1,34968.08
971,Katelyn Olson,Finance,130119.77,95349.86,88489.1,34769.91
335,Victoria Murray,Finance,128389.07,95349.86,88489.1,33039.21
437,Cheryl Wright,Finance,128228.67,95349.86,88489.1,32878.81
825,Edward Carter,Finance,127120.99,95349.86,88489.1,31771.13
315,Carrie Wright,Finance,126546.49,95349.86,88489.1,31196.63
127,Erin Juarez,Finance,126151.71,95349.86,88489.1,30801.85
170,Aaron Hayes,Finance,125083.69,95349.86,88489.1,29733.83
48,Javier Ramirez,Finance,124754.36,95349.86,88489.1,29404.5
595,Bradley Anderson,Finance,121460.73,95349.86,88489.1,26110.87
7,Gabrielle Davis,Finance,120886.29,95349.86,88489.1,25536.43
126,Julia Williams,Finance,120527.47,95349.86,88489.1,25177.61
374,Paula Diaz,Finance,119864.21,95349.86,88489.1,24514.35
625,Claudia Jordan,Finance,119135.64,95349.86,88489.1,23785.78
494,Donna Cabrera,Finance,118593.67,95349.86,88489.1,23243.81
177,Terri Mason,Finance,118130.05,95349.86,88489.1,22780.19
102,Robert Potter,Finance,116391.47,95349.86,88489.1,21041.61
606,Ashley Hampton,Finance,115298.05,95349.86,88489.1,19948.19
167,Wanda Torres,Finance,112838.81,95349.86,88489.1,17488.95
296,Jennifer Wilson,Finance,108661.14,95349.86,88489.1,13311.28
411,Alexander Landry,Finance,108571.01,95349.86,88489.1,13221.15
840,Taylor Rivera,Finance,108539.15,95349.86,88489.1,13189.29
146,Lisa Gray,Finance,108531.12,95349.86,88489.1,13181.26
225,Melissa Garner,Finance,107664.98,95349.86,88489.1,12315.12
711,Jonathan Price,Finance,106822.96,95349.86,88489.1,11473.1
23,Ashley Burton,Finance,105225.9,95349.86,88489.1,9876.04
311,Joel Spencer,Finance,105174.27,95349.86,88489.1,9824.41
596,Clayton Steele,Finance,103880.15,95349.86,88489.1,8530.29
32,Alicia Hickman,Finance,103620.36,95349.86,88489.1,8270.5
203,Patrick Thornton,Finance,103221.54,95349.86,88489.1,7871.68
810,Richard Rivera,Finance,101250.71,95349.86,88489.1,5900.85
650,Victoria Peck MD,Finance,100504.56,95349.86,88489.1,5154.7
150,Peter Vaughn,Finance,100271.21,95349.86,88489.1,4921.35
480,Zachary Michael,Finance,99602.53,95349.86,88489.1,4252.67
138,Kyle Martinez,Finance,99214.29,95349.86,88489.1,3864.43
951,Nicholas Humphrey,Finance,99071.9,95349.86,88489.1,3722.04
961,Lucas Martin,Finance,98871.46,95349.86,88489.1,3521.6
482,William Brewer,Finance,98038.08,95349.86,88489.1,2688.22
299,Joseph Foster,Finance,95973.49,95349.86,88489.1,623.63
763,Dr. Beth Henderson,Finance,95815.6,95349.86,88489.1,465.74
319,Diane Cummings,Finance,95619.67,95349.86,88489.1,269.81
148,Shirley Haynes,Finance,93881.73,95349.86,88489.1,-1468.13
669,Jordan Williams,Finance,93273.53,95349.86,88489.1,-2076.33
379,Debbie Griffin,Finance,92185.96,95349.86,88489.1,-3163.9
554,Bradley Santana,Finance,90260.18,95349.86,88489.1,-5089.68
751,Carolyn Carter,Finance,90165.01,95349.86,88489.1,-5184.85
447,Jason Love,Finance,88200.46,95349.86,88489.1,-7149.4
502,Suzanne Hart,Finance,86743.93,95349.86,88489.1,-8605.93
11,Angel Perez,Finance,85469.59,95349.86,88489.1,-9880.27
59,Bryan Zamora,Finance,84768.55,95349.86,88489.1,-10581.31
267,Samuel Curtis,Finance,84708.04,95349.86,88489.1,-10641.82
353,Mrs. Kelly Romero,Finance,84053.31,95349.86,88489.1,-11296.55
576,Vincent Jordan,Finance,83218.85,95349.86,88489.1,-12131.01
373,Lawrence Harrington,Finance,82738.77,95349.86,88489.1,-12611.09
689,Emily Nelson,Finance,82567.95,95349.86,88489.1,-12781.91
279,Louis Day,Finance,82455.95,95349.86,88489.1,-12893.91
691,Julie Russell,Finance,80773.68,95349.86,88489.1,-14576.18
656,Emily Dixon,Finance,78524.1,95349.86,88489.1,-16825.76
123,Michael Powell,Finance,78146.12,95349.86,88489.1,-17203.74
849,Clayton Morales,Finance,77830.91,95349.86,88489.1,-17518.95
718,Suzanne Johnson,Finance,77707.25,95349.86,88489.1,-17642.61
800,Edwin Hernandez,Finance,76646.42,95349.86,88489.1,-18703.44
407,Danielle Davis,Finance,76042.58,95349.86,88489.1,-19307.28
181,Amanda Avila,Finance,76014.64,95349.86,88489.1,-19335.22
444,Dale Ryan,Finance,75527.2,95349.86,88489.1,-19822.66
13,Jacob Wood,Finance,75058.72,95349.86,88489.1,-20291.14
96,Cameron Fisher,Finance,75033.8,95349.86,88489.1,-20316.06
837,Brian Rodriguez,Finance,74583.58,95349.86,88489.1,-20766.28
493,Daniel Shields,Finance,74233.4,95349.86,88489.1,-21116.46
613,Daniel Clark,Finance,73668.97,95349.86,88489.1,-21680.89
112,Natasha Wells,Finance,72841.98,95349.86,88489.1,-22507.88
34,Bradley Tucker,Finance,71227.44,95349.86,88489.1,-24122.42
65,Sherry Wood,Finance,70990.3,95349.86,88489.1,-24359.56
249,Kimberly Levine,Finance,70982.1,95349.86,88489.1,-24367.76
766,James Nguyen,Finance,70438.67,95349.86,88489.1,-24911.19
320,Shelley Cook,Finance,70059.53,95349.86,88489.1,-25290.33
623,Raymond Oconnor,Finance,69609.5,95349.86,88489.1,-25740.36
214,Michael Berger,Finance,69490.62,95349.86,88489.1,-25859.24
743,Nicholas Payne,Finance,69182.13,95349.86,88489.1,-26167.73
993,Brent Anderson,Finance,68296.29,95349.86,88489.1,-27053.57
894,Donna Boone,Finance,67698.95,95349.86,88489.1,-27650.91
193,Susan Murray MD,Finance,64060.41,95349.86,88489.1,-31289.45
727,Brooke Fry,Finance,63714.98,95349.86,88489.1,-31634.88
730,Eric Barker,Finance,62765.03,95349.86,88489.1,-32584.83
58,Charlene Larson,Finance,62211.21,95349.86,88489.1,-33138.65
690,Penny Richards,Finance,62018.63,95349.86,88489.1,-33331.23
666,Kenneth Jones,Finance,61775.78,95349.86,88489.1,-33574.08
414,Jessica Khan,Finance,60991.82,95349.86,88489.1,-34358.04
291,Breanna Scott,Finance,60808.98,95349.86,88489.1,-34540.88
926,Reginald Lucas DVM,Finance,58944.25,95349.86,88489.1,-36405.61
920,Douglas Pruitt,Finance,58711.18,95349.86,88489.1,-36638.68
62,Jennifer Powers,Finance,58668.59,95349.86,88489.1,-36681.27
431,Emily Hernandez,Finance,58641.19,95349.86,88489.1,-36708.67
14,Taylor Wong,Finance,57671.48,95349.86,88489.1,-37678.38
68,Todd Taylor,Finance,57241.19,95349.86,88489.1,-38108.67
84,Robert Stevens,Finance,56706.05,95349.86,88489.1,-38643.81
635,Brandi Perez,Finance,55514.0,95349.86,88489.1,-39835.86
363,Richard Glenn,HR,98868.62,73079.81,88489.1,25788.81
297,Rebecca Montgomery,HR,98245.97,73079.81,88489.1,25166.16
720,Stephen Vasquez MD,HR,98169.45,73079.81,88489.1,25089.64
224,William Barrett,HR,97949.33,73079.81,88489.1,24869.52
262,Victor Brown,HR,97396.88,73079.81,88489.1,24317.07
568,Sabrina Flynn,HR,97144.92,73079.81,88489.1,24065.11
641,Miranda Fuller,HR,96459.54,73079.81,88489.1,23379.73
393,Christopher Morris,HR,96099.67,73079.81,88489.1,23019.86
500,Brittany Bennett,HR,95686.11,73079.81,88489.1,22606.3
739,James Payne,HR,95680.85,73079.81,88489.1,22601.04
105,Cheyenne Horton,HR,95349.96,73079.81,88489.1,22270.15
888,Michael Valencia,HR,94884.96,73079.81,88489.1,21805.15
536,Sean Clay,HR,94015.85,73079.81,88489.1,20936.04
522,Phillip Gutierrez,HR,93741.4,73079.81,88489.1,20661.59
592,Joseph Fowler,HR,93154.84,73079.81,88489.1,20075.03
248,Trevor Foley,HR,92887.05,73079.81,88489.1,19807.24
390,Mr. Jerry Frazier,HR,92760.46,73079.81,88489.1,19680.65
401,Mark Roberts,HR,91965.74,73079.81,88489.1,18885.93
186,Jordan Edwards,HR,91852.97,73079.81,88489.1,18773.16
937,Rebecca Daniel,HR,91559.5,73079.81,88489.1,18479.69
649,Kathryn Wheeler,HR,91084.34,73079.81,88489.1,18004.53
285,Latoya Miller,HR,90222.47,73079.81,88489.1,17142.66
624,Mary Howard,HR,90185.26,73079.81,88489.1,17105.45
412,Mr. Harry Williams,HR,89484.59,73079.81,88489.1,16404.78
438,Valerie Evans,HR,89309.86,73079.81,88489.1,16230.05
545,Donald Riddle,HR,88245.74,73079.81,88489.1,15165.93
85,Darren Johnson,HR,87350.27,73079.81,88489.1,14270.46
913,Clinton Jones,HR,87038.31,73079.81,88489.1,13958.5
173,Mary Peck,HR,87029.95,73079.81,88489.1,13950.14
931,Lisa Avila,HR,86805.04,73079.81,88489.1,13725.23
834,Michael Mccoy,HR,86479.16,73079.81,88489.1,13399.35
528,Brian Davis,HR,85921.8,73079.81,88489.1,12841.99
594,Robin Mccarthy,HR,85600.33,73079.81,88489.1,12520.52
519,Robert Jackson,HR,85545.22,73079.81,88489.1,12465.41
472,Bradley Griffin,HR,85015.95,73079.81,88489.1,11936.14
468,Elizabeth Mendez,HR,84496.16,73079.81,88489.1,11416.35
621,Brandon Robertson,HR,84244.6,73079.81,88489.1,11164.79
703,Joel Jackson,HR,82959.08,73079.81,88489.1,9879.27
550,Eric Ward,HR,82025.91,73079.81,88489.1,8946.1
899,Nancy Hancock,HR,81884.23,73079.81,88489.1,8804.42
544,Troy Sanders,HR,81679.23,73079.81,88489.1,8599.42
466,Eric Sullivan,HR,81222.35,73079.81,88489.1,8142.54
558,Lori Wheeler,HR,80703.51,73079.81,88489.1,7623.7
284,Glen Wood,HR,80570.65,73079.81,88489.1,7490.84
206,Shane Alexander,HR,80285.48,73079.81,88489.1,7205.67
759,John Keith,HR,79860.36,73079.81,88489.1,6780.55
626,Ronald Morgan,HR,78732.06,73079.81,88489.1,5652.25
783,Russell Wright,HR,78352.11,73079.81,88489.1,5272.3
548,Bradley Moore,HR,78266.45,73079.81,88489.1,5186.64
46,Victoria Garcia,HR,77551.59,73079.81,88489.1,4471.78
982,Kyle Norton,HR,77339.0,73079.81,88489.1,4259.19
676,Erin Tran,HR,76492.68,73079.81,88489.1,3412.87
199,Kevin Duarte,HR,76474.31,73079.81,88489.1,3394.5
637,Brandi Jones,HR,75962.38,73079.81,88489.1,2882.57
889,Mark Harris,HR,75940.66,73079.81,88489.1,2860.85
197,Donald Tyler,HR,75223.7,73079.81,88489.1,2143.89
516,Erin James,HR,73972.9,73079.81,88489.1,893.09
811,Samuel Ruiz,HR,73410.32,73079.81,88489.1,330.51
430,Amanda Vaughan,HR,72735.11,73079.81,88489.1,-344.7
9,William Gray,HR,72561.76,73079.81,88489.1,-518.05
403,Anthony Gonzales,HR,72519.4,73079.81,88489.1,-560.41
427,Tracy Patton,HR,72139.4,73079.81,88489.1,-940.41
632,Danielle Watson,HR,71564.95,73079.81,88489.1,-1514.86
527,Robert Craig,HR,71416.03,73079.81,88489.1,-1663.78
39,Bryan Walker,HR,71334.6,73079.81,88489.1,-1745.21
272,Parker Cain,HR,71163.15,73079.81,88489.1,-1916.66
526,Kendra Hill,HR,70042.66,73079.81,88489.1,-3037.15
29,Thomas Harrell,HR,69633.62,73079.81,88489.1,-3446.19
974,Bailey Hall,HR,69630.95,73079.81,88489.1,-3448.86
546,Teresa Reynolds,HR,69523.27,73079.81,88489.1,-3556.54
323,Rebecca Li,HR,68532.76,73079.81,88489.1,-4547.05
846,Brandon Chang,HR,68301.93,73079.81,88489.1,-4777.88
683,Cynthia Vasquez,HR,68297.58,73079.81,88489.1,-4782.23
271,Andrea Decker,HR,67554.39,73079.81,88489.1,-5525.42
659,Sarah Brown,HR,67409.07,73079.81,88489.1,-5670.74
309,Jodi Brown,HR,66931.18,73079.81,88489.1,-6148.63
236,Misty Whitney,HR,66596.39,73079.81,88489.1,-6483.42
879,Sara Chapman,HR,65789.88,73079.81,88489.1,-7289.93
349,Riley Bryant,HR,62067.16,73079.81,88489.1,-11012.65
169,Mary Moore,HR,60760.99,73079.81,88489.1,-12318.82
850,Janice Jefferson,HR,60046.28,73079.81,88489.1,-13033.53
598,Michael Brewer,HR,59423.85,73079.81,88489.1,-13655.96
54,Zachary Peters,HR,59158.82,73079.81,88489.1,-13920.99
706,Amanda Harvey,HR,57383.68,73079.81,88489.1,-15696.13
352,Jason Beck,HR,56035.16,73079.81,88489.1,-17044.65
697,Paul Wright,HR,54297.38,73079.81,88489.1,-18782.43
509,Mrs. Yvonne Mendoza,HR,54033.82,73079.81,88489.1,-19045.99
367,Blake Morrison,HR,53720.61,73079.81,88489.1,-19359.2
802,Melanie Griffith,HR,51861.42,73079.81,88489.1,-21218.39
190,Tanya Kim,HR,51300.95,73079.81,88489.1,-21778.86
1,Alexander Hill,HR,51006.09,73079.81,88489.1,-22073.72
157,Kelly Campbell MD,HR,49982.66,73079.81,88489.1,-23097.15
386,Rachel Johnson,HR,49439.58,73079.81,88489.1,-23640.23
540,Christopher Allen,HR,48893.05,73079.81,88489.1,-24186.76
556,Johnny Brown,HR,47609.44,73079.81,88489.1,-25470.37
852,Terri Moore,HR,47001.35,73079.81,88489.1,-26078.46
274,Mary Christensen,HR,46328.42,73079.81,88489.1,-26751.39
406,Kristina Flores,HR,45483.49,73079.81,88489.1,-27596.32
484,Matthew Ryan,HR,45339.38,73079.81,88489.1,-27740.43
492,Anthony Yang,HR,44964.04,73079.81,88489.1,-28115.77
774,Cynthia Reese,HR,44840.19,73079.81,88489.1,-28239.62
694,Russell Murphy,HR,43342.41,73079.81,88489.1,-29737.4
573,Joshua Little,HR,43324.95,73079.81,88489.1,-29754.86
557,Kari Jones,HR,42517.84,73079.81,88489.1,-30561.97
168,Patrick Meza,HR,42377.13,73079.81,88489.1,-30702.68
2,Michael Mcclain,HR,41235.07,73079.81,88489.1,-31844.74
388,Eric Key,HR,40685.08,73079.81,88489.1,-32394.73
702,Taylor Calderon,HR,40407.79,73079.81,88489.1,-32672.02
37,Joshua Blair,HR,40311.09,73079.81,88489.1,-32768.72
877,Tara Long,IT,144932.62,98690.82,88489.1,46241.8
251,Matthew May,IT,144688.42,98690.82,88489.1,45997.6
756,Mary Miller,IT,144679.08,98690.82,88489.1,45988.26
179,Anna Hayden,IT,144331.33,98690.82,88489.1,45640.51
809,Ann Kelly,IT,142626.74,98690.82,88489.1,43935.92
69,Kristen Nelson,IT,142442.72,98690.82,88489.1,43751.9
555,Laura Jackson MD,IT,141138.1,98690.82,88489.1,42447.28
619,Michael Burns,IT,141093.59,98690.82,88489.1,42402.77
24,Amy James,IT,139944.48,98690.82,88489.1,41253.66
187,Mr. Jose Travis,IT,139611.48,98690.82,88489.1,40920.66
986,Jason Hernandez,IT,137727.55,98690.82,88489.1,39036.73
351,Charles Patterson,IT,137015.6,98690.82,88489.1,38324.78
488,David Reed,IT,136122.84,98690.82,88489.1,37432.02
981,Willie Dillon,IT,135998.46,98690.82,88489.1,37307.64
229,Lori Berger,IT,135361.36,98690.82,88489.1,36670.54
812,Tony Jones,IT,135039.97,98690.82,88489.1,36349.15
617,Willie Camacho,IT,133613.03,98690.82,88489.1,34922.21
898,Amanda Cervantes,IT,133611.97,98690.82,88489.1,34921.15
416,Juan Jones,IT,130427.23,98690.82,88489.1,31736.41
823,David Steele,IT,130146.14,98690.82,88489.1,31455.32
777,Brandy Mccann,IT,129925.88,98690.82,88489.1,31235.06
939,Kyle Medina,IT,129651.37,98690.82,88489.1,30960.55
154,Denise King,IT,129527.2,98690.82,88489.1,30836.38
860,Danielle Reed,IT,129512.02,98690.82,88489.1,30821.2
786,Kirk Thompson,IT,128464.63,98690.82,88489.1,29773.81
395,Madison Pierce,IT,126747.85,98690.82,88489.1,28057.03
865,Jamie Young,IT,124327.08,98690.82,88489.1,25636.26
380,Thomas Henry,IT,123061.19,98690.82,88489.1,24370.37
141,Tyler Reid,IT,122694.5,98690.82,88489.1,24003.68
875,Angel Martin,IT,122676.7,98690.82,88489.1,23985.88
385,Jordan Martinez,IT,121963.39,98690.82,88489.1,23272.57
663,Nathan Jackson,IT,119573.58,98690.82,88489.1,20882.76
572,Joshua Gibbs,IT,118711.74,98690.82,88489.1,20020.92
577,Jorge Stone,IT,118420.12,98690.82,88489.1,19729.3
848,Marco Johns,IT,116891.81,98690.82,88489.1,18200.99
646,Ryan Barrett,IT,116381.41,98690.82,88489.1,17690.59
175,Christopher Parker,IT,115990.16,98690.82,88489.1,17299.34
582,John Alvarez,IT,115751.78,98690.82,88489.1,17060.96
358,Peggy Marshall,IT,114639.61,98690.82,88489.1,15948.79
40,Crystal Robinson,IT,114181.54,98690.82,88489.1,15490.72
622,Jacob Clements,IT,113967.07,98690.82,88489.1,15276.25
608,Wanda Garcia,IT,113518.41,98690.82,88489.1,14827.59
43,Taylor Duncan,IT,111996.26,98690.82,88489.1,13305.44
91,Dawn Fletcher,IT,111902.7,98690.82,88489.1,13211.88
107,Brian Coleman,IT,110258.41,98690.82,88489.1,11567.59
312,Jerry Pacheco,IT,109486.89,98690.82,88489.1,10796.07
827,Steven Howard,IT,109423.59,98690.82,88489.1,10732.77
979,Kyle Elliott,IT,108678.04,98690.82,88489.1,9987.22
824,Janet Chapman,IT,108384.57,98690.82,88489.1,9693.75
851,Rebecca Wilson,IT,107087.45,98690.82,88489.1,8396.63
741,Benjamin Singleton,IT,106381.84,98690.82,88489.1,7691.02
98,Aaron Mitchell,IT,106201.99,98690.82,88489.1,7511.17
796,Brian Hunt,IT,105871.25,98690.82,88489.1,7180.43
108,Joseph Williams,IT,105678.63,98690.82,88489.1,6987.81
667,Kathryn Bradley,IT,105673.94,98690.82,88489.1,6983.12
83,Brian Brennan,IT,105229.65,98690.82,88489.1,6538.83
633,Jennifer Torres,IT,103969.95,98690.82,88489.1,5279.13
903,David Oliver,IT,103260.05,98690.82,88489.1,4569.23
945,Nicholas Freeman,IT,102845.96,98690.82,88489.1,4155.14
672,Jason Morris,IT,101489.99,98690.82,88489.1,2799.17
128,Sandra King,IT,101119.17,98690.82,88489.1,2428.35
682,Samuel Acosta,IT,99899.58,98690.82,88489.1,1208.76
476,Katrina Stokes,IT,99808.07,98690.82,88489.1,1117.25
740,Sharon Curtis,IT,98913.42,98690.82,88489.1,222.6
684,Dr. Brandon Morse PhD,IT,98822.1,98690.82,88489.1,131.28
714,Dr. Ariel Sandoval MD,IT,98681.43,98690.82,88489.1,-9.39
713,Wendy Moreno,IT,98187.79,98690.82,88489.1,-503.03
863,Sean Jones,IT,97231.85,98690.82,88489.1,-1458.97
918,Marc Haley,IT,96785.2,98690.82,88489.1,-1905.62
792,Maria Burke,IT,96455.17,98690.82,88489.1,-2235.65
517,Matthew Cohen,IT,96220.31,98690.82,88489.1,-2470.51
425,Michael Whitney,IT,93308.05,98690.82,88489.1,-5382.77
842,Ann Hunt,IT,93037.35,98690.82,88489.1,-5653.47
916,Joseph Barajas,IT,92988.39,98690.82,88489.1,-5702.43
230,Jessica Riley,IT,92901.69,98690.82,88489.1,-5789.13
333,Joann Ferguson,IT,89649.75,98690.82,88489.1,-9041.07
119,Ralph James,IT,89054.47,98690.82,88489.1,-9636.35
422,Garrett Austin,IT,88532.28,98690.82,88489.1,-10158.54
630,Dale Barker,IT,88457.07,98690.82,88489.1,-10233.75
578,Jill Myers,IT,88406.38,98690.82,88489.1,-10284.44
497,Amy Fry,IT,87895.26,98690.82,88489.1,-10795.56
601,Robin Maynard,IT,87893.61,98690.82,88489.1,-10797.21
887,Jason Graves,IT,87471.51,98690.82,88489.1,-11219.31
542,Virginia Ramsey,IT,86768.07,98690.82,88489.1,-11922.75
747,Miranda Blair,IT,86381.53,98690.82,88489.1,-12309.29
344,Raven Taylor,IT,85334.44,98690.82,88489.1,-13356.38
938,Juan Peters,IT,84198.46,98690.82,88489.1,-14492.36
464,Troy Turner,IT,83963.12,98690.82,88489.1,-14727.7
537,Benjamin Frost,IT,83116.14,98690.82,88489.1,-15574.68
339,Dominique Hines,IT,83081.5,98690.82,88489.1,-15609.32
882,Karen Romero,IT,81646.24,98690.82,88489.1,-17044.58
856,Jennifer Williams,IT,81419.85,98690.82,88489.1,-17270.97
907,Cody Thompson,IT,80395.66,98690.82,88489.1,-18295.16
575,Victoria Byrd,IT,80138.54,98690.82,88489.1,-18552.28
228,Megan Le,IT,79774.87,98690.82,88489.1,-18915.95
208,Julie Costa,IT,79715.5,98690.82,88489.1,-18975.32
15,Nicholas Martin,IT,77260.2,98690.82,88489.1,-21430.62
629,Scott Alexander,IT,76321.37,98690.82,88489.1,-22369.45
346,Abigail Miller,IT,75811.96,98690.82,88489.1,-22878.86
114,Donald Jones,IT,75463.89,98690.82,88489.1,-23226.93
134,Ashley Weiss,IT,75348.9,98690.82,88489.1,-23341.92
935,Brandy Myers,IT,74515.3,98690.82,88489.1,-24175.52
940,Paul Berger,IT,74375.61,98690.82,88489.1,-24315.21
745,Tommy Martin,IT,73907.38,98690.82,88489.1,-24783.44
512,Kayla Crawford,IT,73619.18,98690.82,88489.1,-25071.64
174,Maria Kerr,IT,73561.3,98690.82,88489.1,-25129.52
247,Trevor Johnson,IT,72883.4,98690.82,88489.1,-25807.42
807,Brent Anderson,IT,72869.89,98690.82,88489.1,-25820.93
246,Jason Garcia,IT,72807.47,98690.82,88489.1,-25883.35
338,Kristen Garcia,IT,72144.46,98690.82,88489.1,-26546.36
523,Michael Smith,IT,71994.15,98690.82,88489.1,-26696.67
343,Alyssa Galvan,IT,71824.85,98690.82,88489.1,-26865.97
78,Brian Deleon,IT,71800.31,98690.82,88489.1,-26890.51
754,Jacob Griffin,IT,71707.4,98690.82,88489.1,-26983.42
180,Trevor Key,IT,71183.25,98690.82,88489.1,-27507.57
933,Eric Miller,IT,71141.79,98690.82,88489.1,-27549.03
563,Dr. Doris Neal,IT,69899.01,98690.82,88489.1,-28791.81
861,Sara Grant,IT,67259.21,98690.82,88489.1,-31431.61
567,Michael Gonzales,IT,66808.99,98690.82,88489.1,-31881.83
728,Miss Carrie Novak,IT,66542.38,98690.82,88489.1,-32148.44
255,Aaron Garrison,IT,64976.83,98690.82,88489.1,-33713.99
638,Ashley Edwards,IT,64633.51,98690.82,88489.1,-34057.31
652,Patricia Smith,IT,64490.27,98690.82,88489.1,-34200.55
513,Julie Franco DVM,IT,64453.26,98690.82,88489.1,-34237.56
8,Lindsey Roman,IT,63844.32,98690.82,88489.1,-34846.5
452,Timothy Gentry,IT,63599.09,98690.82,88489.1,-35091.73
171,Crystal Mann,IT,63500.6,98690.82,88489.1,-35190.22
716,Rebecca Kelly,IT,62922.03,98690.82,88489.1,-35768.79
286,Luke Craig,IT,62821.1,98690.82,88489.1,-35869.72
192,Krista Tran,IT,62582.9,98690.82,88489.1,-36107.92
762,Nicole Thompson,IT,62479.44,98690.82,88489.1,-36211.38
47,Shannon Wright,IT,62253.46,98690.82,88489.1,-36437.36
354,Jeanette Harrison,IT,62005.57,98690.82,88489.1,-36685.25
873,Olivia Walker,IT,60349.03,98690.82,88489.1,-38341.79
581,Brenda Collins,Legal,134322.62,97529.24,88489.1,36793.38
51,Sarah Martin,Legal,134240.41,97529.24,88489.1,36711.17
670,John Reyes,Legal,133864.29,97529.24,88489.1,36335.05
239,Rodney Bentley,Legal,133079.27,97529.24,88489.1,35550.03
551,Chelsea Cole,Legal,133014.4,97529.24,88489.1,35485.16
183,Katherine Davis,Legal,132585.68,97529.24,88489.1,35056.44
265,Madeline Kelley,Legal,132071.55,97529.24,88489.1,34542.31
117,Kimberly Perry,Legal,132011.95,97529.24,88489.1,34482.71
930,Alan Nunez,Legal,131951.06,97529.24,88489.1,34421.82
892,Ashley Bell,Legal,131638.35,97529.24,88489.1,34109.11
473,Kristy Brown,Legal,130880.24,97529.24,88489.1,33351.0
458,Corey Rodriguez,Legal,130037.22,97529.24,88489.1,32507.98
804,Cheryl Barber,Legal,128650.25,97529.24,88489.1,31121.01
925,Ashley Medina,Legal,128420.69,97529.24,88489.1,30891.45
121,Nicole Payne,Legal,126564.18,97529.24,88489.1,29034.94
543,Mrs. Jessica Roberson,Legal,126305.46,97529.24,88489.1,28776.22
408,Lisa Wright,Legal,125797.14,97529.24,88489.1,28267.9
681,Shawn Tapia,Legal,125219.95,97529.24,88489.1,27690.71
707,Jason Pierce,Legal,124726.87,97529.24,88489.1,27197.63
220,Brooke Alexander,Legal,124444.54,97529.24,88489.1,26915.3
647,Katrina Adkins,Legal,123444.09,97529.24,88489.1,25914.85
838,Deborah Mills,Legal,123157.54,97529.24,88489.1,25628.3
152,Eric Perkins,Legal,123046.54,97529.24,88489.1,25517.3
263,Melissa Henry,Legal,122583.15,97529.24,88489.1,25053.91
293,Jonathan Whitaker,Legal,122052.17,97529.24,88489.1,24522.93
906,Vincent Phillips,Legal,121796.54,97529.24,88489.1,24267.3
565,Brian Elliott,Legal,121074.58,97529.24,88489.1,23545.34
70,Dalton Walters,Legal,120032.08,97529.24,88489.1,22502.84
603,Angela Johnson,Legal,119259.59,97529.24,88489.1,21730.35
717,Christopher Watkins,Legal,118600.92,97529.24,88489.1,21071.68
362,David Mullins,Legal,118451.43,97529.24,88489.1,20922.19
977,Candace Soto,Legal,118123.25,97529.24,88489.1,20594.01
832,Mary Valdez MD,Legal,116994.28,97529.24,88489.1,19465.04
520,Thomas Weaver,Legal,115812.87,97529.24,88489.1,18283.63
790,Megan Adams,Legal,115761.61,97529.24,88489.1,18232.37
137,Mark Garcia,Legal,112981.34,97529.24,88489.1,15452.1
685,Jaime Villegas,Legal,112636.54,97529.24,88489.1,15107.3
303,Christina Morrison,Legal,112122.61,97529.24,88489.1,14593.37
504,Tammy Boone,Legal,111809.18,97529.24,88489.1,14279.94
483,Janet Kane DVM,Legal,111499.69,97529.24,88489.1,13970.45
479,Kenneth Williams,Legal,109191.45,97529.24,88489.1,11662.21
342,Kathryn Young,Legal,109011.2,97529.24,88489.1,11481.96
927,Joe Rivera,Legal,107450.35,97529.24,88489.1,9921.11
738,Morgan Costa,Legal,106674.23,97529.24,88489.1,9144.99
27,Ashley Graham,Legal,106362.53,97529.24,88489.1,8833.29
162,Todd Woods,Legal,106082.08,97529.24,88489.1,8552.84
304,Christopher Mejia,Legal,105912.11,97529.24,88489.1,8382.87
97,Stephanie Gilbert,Legal,104928.12,97529.24,88489.1,7398.88
962,Cassidy Fry,Legal,104300.32,97529.24,88489.1,6771.08
453,Casey Gillespie,Legal,103775.79,97529.24,88489.1,6246.55
375,Larry Shelton,Legal,102504.2,97529.24,88489.1,4974.96
969,Matthew Houston,Legal,101605.51,97529.24,88489.1,4076.27
433,Antonio Taylor,Legal,101481.21,97529.24,88489.1,3951.97
469,Brittany Adkins,Legal,101129.12,97529.24,88489.1,3599.88
712,Daniel Huang,Legal,96462.38,97529.24,88489.1,-1066.86
695,Henry Palmer,Legal,96213.36,97529.24,88489.1,-1315.88
176,Donna Martinez,Legal,94462.15,97529.24,88489.1,-3067.09
533,Amy Smith,Legal,93617.08,97529.24,88489.1,-3912.16
547,Angelica Montgomery,Legal,93279.29,97529.24,88489.1,-4249.95
680,Jennifer Hall,Legal,93037.09,97529.24,88489.1,-4492.15
45,Jessica Owens,Legal,92877.74,97529.24,88489.1,-4651.5
38,Whitney Santos,Legal,92247.84,97529.24,88489.1,-5281.4
902,William Edwards,Legal,90741.77,97529.24,88489.1,-6787.47
900,David Mueller,Legal,90655.34,97529.24,88489.1,-6873.9
988,Bruce Olson,Legal,90042.69,97529.24,88489.1,-7486.55
120,Nicole Castaneda,Legal,89890.12,97529.24,88489.1,-7639.12
31,Paula Moreno,Legal,89751.55,97529.24,88489.1,-7777.69
135,Alexander Collins,Legal,88741.01,97529.24,88489.1,-8788.23
18,Christine Hahn,Legal,88392.88,97529.24,88489.1,-9136.36
862,Mason Moore,Legal,87847.9,97529.24,88489.1,-9681.34
19,Mary Foster,Legal,87306.89,97529.24,88489.1,-10222.35
475,Brian Harris,Legal,86829.26,97529.24,88489.1,-10699.98
983,Matthew Baker,Legal,86547.29,97529.24,88489.1,-10981.95
616,Meghan Davis DVM,Legal,86344.87,97529.24,88489.1,-11184.37
699,Bianca Colon MD,Legal,84763.49,97529.24,88489.1,-12765.75
72,Donald Smith,Legal,83653.02,97529.24,88489.1,-13876.22
583,Francis Evans,Legal,83386.55,97529.24,88489.1,-14142.69
591,Gabriel Ellis,Legal,79704.18,97529.24,88489.1,-17825.06
508,Tina Smith,Legal,79677.46,97529.24,88489.1,-17851.78
789,Laura Hanna,Legal,78879.45,97529.24,88489.1,-18649.79
958,Holly Walker,Legal,77900.72,97529.24,88489.1,-19628.52
819,Pamela Miller,Legal,77201.82,97529.24,88489.1,-20327.42
893,Mary Butler,Legal,76247.01,97529.24,88489.1,-21282.23
52,Jennifer Brown,Legal,74087.75,97529.24,88489.1,-23441.49
597,Brenda Reyes,Legal,73577.98,97529.24,88489.1,-23951.26
211,Shane Johnson,Legal,73132.51,97529.24,88489.1,-24396.73
294,Scott Williams,Legal,72618.02,97529.24,88489.1,-24911.22
402,Robert Cohen,Legal,71210.61,97529.24,88489.1,-26318.63
822,Sandra Lee,Legal,70194.78,97529.24,88489.1,-27334.46
478,Nathaniel Foster,Legal,68879.68,97529.24,88489.1,-28649.56
611,Cynthia Cochran,Legal,65988.94,97529.24,88489.1,-31540.3
782,Sherry Johnson,Legal,65312.21,97529.24,88489.1,-32217.03
959,Eddie Marshall,Legal,65286.37,97529.24,88489.1,-32242.87
648,Steven Blevins,Legal,64550.48,97529.24,88489.1,-32978.76
788,Melissa Mitchell,Legal,63501.27,97529.24,88489.1,-34027.97
634,Matthew Padilla,Legal,61965.7,97529.24,88489.1,-35563.54
671,Scott Tran,Legal,61936.53,97529.24,88489.1,-35592.71
779,Christine Holloway,Legal,61703.28,97529.24,88489.1,-35825.96
972,Brenda Martin,Legal,60805.98,97529.24,88489.1,-36723.26
310,Sean Wyatt,Legal,60390.76,97529.24,88489.1,-37138.48
946,Mary Garcia,Legal,60140.22,97529.24,88489.1,-37389.02
521,Amanda Bradford,Legal,59534.43,97529.24,88489.1,-37994.81
455,Sherri Smith,Legal,59159.15,97529.24,88489.1,-38370.09
495,Kyle Chambers,Legal,59027.96,97529.24,88489.1,-38501.28
737,David Rodriguez,Legal,58846.32,97529.24,88489.1,-38682.92
4,Christina Santos,Legal,58716.03,97529.24,88489.1,-38813.21
302,Robert Briggs,Legal,58588.29,97529.24,88489.1,-38940.95
165,Phillip Obrien,Legal,57602.09,97529.24,88489.1,-39927.15
912,Hunter Bowers,Legal,55753.59,97529.24,88489.1,-41775.65
919,Thomas Landry,Marketing,119594.56,81358.59,88489.1,38235.97
985,Brian Harris,Marketing,119266.69,81358.59,88489.1,37908.1
158,Christopher Smith,Marketing,119261.13,81358.59,88489.1,37902.54
465,Matthew Schwartz,Marketing,119208.83,81358.59,88489.1,37850.24
277,Ryan Richardson,Marketing,118764.11,81358.59,88489.1,37405.52
396,Kim Shaw,Marketing,118282.82,81358.59,88489.1,36924.23
417,Douglas Hays,Marketing,115584.06,81358.59,88489.1,34225.47
934,James Guerrero,Marketing,115049.06,81358.59,88489.1,33690.47
432,Reginald Knapp,Marketing,114696.63,81358.59,88489.1,33338.04
371,Mr. William Gould Jr.,Marketing,113867.93,81358.59,88489.1,32509.34
210,Jamie Stewart,Marketing,112914.36,81358.59,88489.1,31555.77
486,Daniel Smith,Marketing,112857.48,81358.59,88489.1,31498.89
570,Rachel Jones,Marketing,112707.28,81358.59,88489.1,31348.69
442,Regina Roberts,Marketing,112343.94,81358.59,88489.1,30985.35
57,Sarah Moore,Marketing,110015.15,81358.59,88489.1,28656.56
270,Mary Brooks,Marketing,109649.02,81358.59,88489.1,28290.43
205,Amanda Shaw,Marketing,107989.6,81358.59,88489.1,26631.01
191,William Lynch,Marketing,107858.65,81358.59,88489.1,26500.06
990,Kelly Wood,Marketing,107840.5,81358.59,88489.1,26481.91
462,Michael Lopez,Marketing,107198.57,81358.59,88489.1,25839.98
184,Michael Hodge,Marketing,107166.25,81358.59,88489.1,25807.66
908,Jeffrey Hawkins,Marketing,106563.02,81358.59,88489.1,25204.43
443,Hannah Ramos,Marketing,105953.52,81358.59,88489.1,24594.93
534,Jessica Mueller,Marketing,105448.42,81358.59,88489.1,24089.83
855,William Anderson,Marketing,104288.52,81358.59,88489.1,22929.93
370,Andrew Berg,Marketing,104066.18,81358.59,88489.1,22707.59
113,Mark Cannon,Marketing,103164.57,81358.59,88489.1,21805.98
273,Kristina Rivera,Marketing,102900.94,81358.59,88489.1,21542.35
778,Derrick Butler,Marketing,102386.16,81358.59,88489.1,21027.57
365,Jasmine Beltran,Marketing,101798.27,81358.59,88489.1,20439.68
615,Donna Adams,Marketing,101203.43,81358.59,88489.1,19844.84
250,Cheryl Martinez,Marketing,100930.03,81358.59,88489.1,19571.44
636,Michael Montoya,Marketing,100617.46,81358.59,88489.1,19258.87
202,Laura Hall,Marketing,98822.68,81358.59,88489.1,17464.09
653,Amanda Brown,Marketing,98056.97,81358.59,88489.1,16698.38
221,Mark Coleman,Marketing,97121.33,81358.59,88489.1,15762.74
806,Sarah Pittman,Marketing,96938.55,81358.59,88489.1,15579.96
749,Brittany Ward,Marketing,96042.05,81358.59,88489.1,14683.46
668,Brian Berry,Marketing,95729.88,81358.59,88489.1,14371.29
252,Richard Sanchez,Marketing,94728.15,81358.59,88489.1,13369.56
735,Ann Fletcher,Marketing,94529.12,81358.59,88489.1,13170.53
794,Jeff Bennett,Marketing,94417.64,81358.59,88489.1,13059.05
136,James Espinoza,Marketing,93762.55,81358.59,88489.1,12403.96
976,Roy Johnson,Marketing,93036.25,81358.59,88489.1,11677.66
481,Andres Ortiz,Marketing,92782.1,81358.59,88489.1,11423.51
765,Susan Sloan,Marketing,92365.83,81358.59,88489.1,11007.24
675,Tiffany Jones DDS,Marketing,92165.47,81358.59,88489.1,10806.88
798,Ashley Brown,Marketing,91881.87,81358.59,88489.1,10523.28
748,David Williams,Marketing,91808.51,81358.59,88489.1,10449.92
773,Melissa Williams,Marketing,91780.78,81358.59,88489.1,10422.19
201,Jesse Morris,Marketing,91301.38,81358.59,88489.1,9942.79
532,Olivia Davis,Marketing,89560.64,81358.59,88489.1,8202.05
307,Brittany Jones,Marketing,89524.56,81358.59,88489.1,8165.97
764,Yolanda Burton,Marketing,88967.66,81358.59,88489.1,7609.07
793,Renee Torres,Marketing,88745.71,81358.59,88489.1,7387.12
995,Colin Fletcher,Marketing,88340.78,81358.59,88489.1,6982.19
923,Tyler Medina,Marketing,87892.31,81358.59,88489.1,6533.72
254,Sheila Murphy,Marketing,87049.51,81358.59,88489.1,5690.92
941,Matthew Hunt,Marketing,86425.35,81358.59,88489.1,5066.76
398,Sarah Elliott,Marketing,86220.47,81358.59,88489.1,4861.88
781,Emily Hunter,Marketing,85968.57,81358.59,88489.1,4609.98
618,Danielle Dawson,Marketing,85379.62,81358.59,88489.1,4021.03
424,Michael Evans,Marketing,84937.8,81358.59,88489.1,3579.21
867,Kathleen Valdez,Marketing,84568.47,81358.59,88489.1,3209.88
984,Jody Garza,Marketing,84139.67,81358.59,88489.1,2781.08
590,Arthur Garcia,Marketing,83855.81,81358.59,88489.1,2497.22
21,Lauren Hurst,Marketing,81708.96,81358.59,88489.1,350.37
198,Jordan Hoover,Marketing,80938.64,81358.59,88489.1,-419.95
801,Renee Lang,Marketing,79498.63,81358.59,88489.1,-1859.96
518,Vincent May,Marketing,78754.4,81358.59,88489.1,-2604.19
56,Nicole Brown,Marketing,78114.79,81358.59,88489.1,-3243.8
721,David Robinson,Marketing,77756.84,81358.59,88489.1,-3601.75
589,Michael Harris,Marketing,77699.64,81358.59,88489.1,-3658.95
3,Amanda Robinson,Marketing,77395.88,81358.59,88489.1,-3962.71
313,John Hernandez,Marketing,77289.7,81358.59,88489.1,-4068.89
499,Dr. Megan Floyd,Marketing,76557.09,81358.59,88489.1,-4801.5
122,Colleen Graham,Marketing,75191.25,81358.59,88489.1,-6167.34
661,Natalie Wilson,Marketing,74494.61,81358.59,88489.1,-6863.98
305,Olivia Cole,Marketing,73787.92,81358.59,88489.1,-7570.67
841,Susan Conley,Marketing,73770.68,81358.59,88489.1,-7587.91
314,Steven Cooper,Marketing,73418.27,81358.59,88489.1,-7940.32
242,Elizabeth Ortiz,Marketing,72912.53,81358.59,88489.1,-8446.06
869,Lisa Torres,Marketing,71915.15,81358.59,88489.1,-9443.44
461,Stephanie Wilcox,Marketing,71648.98,81358.59,88489.1,-9709.61
726,James Garcia,Marketing,71646.3,81358.59,88489.1,-9712.29
868,Justin Smith,Marketing,71378.24,81358.59,88489.1,-9980.35
50,Yvonne Huff,Marketing,71125.25,81358.59,88489.1,-10233.34
77,Scott Nolan,Marketing,71056.01,81358.59,88489.1,-10302.58
149,Tiffany Miller,Marketing,69678.85,81358.59,88489.1,-11679.74
348,Donna Turner,Marketing,68672.05,81358.59,88489.1,-12686.54
607,Rodney Williams,Marketing,67972.57,81358.59,88489.1,-13386.02
600,Anthony Howard,Marketing,67684.97,81358.59,88489.1,-13673.62
775,Alicia Roth,Marketing,66686.28,81358.59,88489.1,-14672.31
429,Lisa Randall,Marketing,66066.15,81358.59,88489.1,-15292.44
524,Lisa Estrada,Marketing,65298.3,81358.59,88489.1,-16060.29
435,Thomas Peterson,Marketing,64367.33,81358.59,88489.1,-16991.26
25,Wesley Valencia,Marketing,64345.62,81358.59,88489.1,-17012.97
874,Vincent Carter,Marketing,62859.36,81358.59,88489.1,-18499.23
744,Linda Austin,Marketing,61372.73,81358.59,88489.1,-19985.86
231,Edward Burgess,Marketing,61140.14,81358.59,88489.1,-20218.45
704,James Johnson,Marketing,60822.74,81358.59,88489.1,-20535.85
118,Taylor Silva,Marketing,60591.47,81358.59,88489.1,-20767.12
858,Krystal Levine,Marketing,59975.23,81358.59,88489.1,-21383.36
560,Regina Rivera,Marketing,59639.79,81358.59,88489.1,-21718.8
361,Taylor Robertson,Marketing,58523.1,81358.59,88489.1,-22835.49
772,Amanda Hill,Marketing,56974.98,81358.59,88489.1,-24383.61
833,James Kelley,Marketing,56767.7,81358.59,88489.1,-24590.89
147,Catherine Lewis,Marketing,56542.19,81358.59,88489.1,-24816.4
377,Marie Wright,Marketing,56369.63,81358.59,88489.1,-24988.96
992,Leah Figueroa,Marketing,56058.98,81358.59,88489.1,-25299.61
359,Robin Brown,Marketing,56047.73,81358.59,88489.1,-25310.86
317,Jason Morgan,Marketing,56029.64,81358.59,88489.1,-25328.95
816,Michelle Maxwell,Marketing,55708.92,81358.59,88489.1,-25649.67
970,Terry Black,Marketing,55368.42,81358.59,88489.1,-25990.17
80,Vanessa Cochran,Marketing,54656.13,81358.59,88489.1,-26702.46
784,Michele Hill,Marketing,54533.29,81358.59,88489.1,-26825.3
767,Shane Buchanan,Marketing,54392.25,81358.59,88489.1,-26966.34
943,Samuel York,Marketing,54246.29,81358.59,88489.1,-27112.3
750,Matthew Greene,Marketing,53058.79,81358.59,88489.1,-28299.8
101,Bradley Robertson,Marketing,52718.7,81358.59,88489.1,-28639.89
658,Michael Jones,Marketing,51405.23,81358.59,88489.1,-29953.36
924,Meagan Ayala,Marketing,50284.55,81358.59,88489.1,-31074.04
886,Tracey Waller,Marketing,49494.39,81358.59,88489.1,-31864.2
487,Michael Stephens,Marketing,49170.41,81358.59,88489.1,-32188.18
261,Rachel Camacho,Marketing,48738.15,81358.59,88489.1,-32620.44
506,Shelly Lopez,Marketing,48228.93,81358.59,88489.1,-33129.66
142,Jessica Gross,Marketing,48156.99,81358.59,88489.1,-33201.6
79,Marc Moore,Marketing,48065.15,81358.59,88489.1,-33293.44
217,Shelby Harvey,Marketing,47712.03,81358.59,88489.1,-33646.56
329,Gabrielle Miranda,Marketing,47291.21,81358.59,88489.1,-34067.38
295,Scott Johnston,Marketing,46885.65,81358.59,88489.1,-34472.94
382,Michael Bruce,Marketing,46550.35,81358.59,88489.1,-34808.24
204,Matthew Hoover,Marketing,45193.8,81358.59,88489.1,-36164.79
770,Brian Mitchell,Operations,94759.62,66600.71,88489.1,28158.91
612,Michelle Chen,Operations,94744.07,66600.71,88489.1,28143.36
318,Matthew Jones,Operations,94691.48,66600.71,88489.1,28090.77
144,Nicholas Adams,Operations,94351.09,66600.71,88489.1,27750.38
843,David Hall,Operations,94003.23,66600.71,88489.1,27402.52
776,John Horton,Operations,93971.61,66600.71,88489.1,27370.9
364,Isabel Preston,Operations,93870.67,66600.71,88489.1,27269.96
949,Jessica Smith,Operations,93357.6,66600.71,88489.1,26756.89
460,Keith Todd,Operations,93065.69,66600.71,88489.1,26464.98
94,Erik Charles,Operations,92901.61,66600.71,88489.1,26300.9
579,Jonathan Cooper,Operations,92431.82,66600.71,88489.1,25831.11
450,Victor Morris,Operations,91952.04,66600.71,88489.1,25351.33
725,Shannon Yu,Operations,91812.81,66600.71,88489.1,25212.1
222,Curtis Cruz,Operations,90365.43,66600.71,88489.1,23764.72
64,Dr. Angel Lewis MD,Operations,89069.48,66600.71,88489.1,22468.77
915,Evelyn Ward,Operations,88270.28,66600.71,88489.1,21669.57
278,Renee Bruce,Operations,87944.98,66600.71,88489.1,21344.27
282,Kylie Morales,Operations,87789.31,66600.71,88489.1,21188.6
139,Hannah Patterson,Operations,87482.1,66600.71,88489.1,20881.39
471,Daniel Wright,Operations,87444.31,66600.71,88489.1,20843.6
260,Brian Gordon,Operations,87363.82,66600.71,88489.1,20763.11
164,Kristine Torres,Operations,87117.39,66600.71,88489.1,20516.68
345,Michael Taylor,Operations,86949.21,66600.71,88489.1,20348.5
418,William Long,Operations,86529.01,66600.71,88489.1,19928.3
847,Matthew Jackson,Operations,86502.16,66600.71,88489.1,19901.45
904,Sandra Pruitt,Operations,86025.77,66600.71,88489.1,19425.06
698,Brenda Smith,Operations,85687.85,66600.71,88489.1,19087.14
731,Travis Fry,Operations,85420.89,66600.71,88489.1,18820.18
968,Joshua Thompson,Operations,85065.75,66600.71,88489.1,18465.04
53,Derek Bowers MD,Operations,84587.45,66600.71,88489.1,17986.74
74,Adam Jones,Operations,83302.68,66600.71,88489.1,16701.97
16,Mark Hawkins DDS,Operations,83220.32,66600.71,88489.1,16619.61
797,Jacqueline Holland,Operations,83109.55,66600.71,88489.1,16508.84
347,Joshua Acosta,Operations,82774.44,66600.71,88489.1,16173.73
687,Jeffrey Brandt,Operations,82519.58,66600.71,88489.1,15918.87
82,Sharon Cochran,Operations,80597.32,66600.71,88489.1,13996.61
308,Denise Brown,Operations,79458.88,66600.71,88489.1,12858.17
490,Pamela Stephenson,Operations,79032.99,66600.71,88489.1,12432.28
12,David Garcia,Operations,78776.37,66600.71,88489.1,12175.66
864,Wayne Williams,Operations,78764.93,66600.71,88489.1,12164.22
614,Douglas Ryan,Operations,78441.75,66600.71,88489.1,11841.04
953,Ryan Trevino,Operations,77398.55,66600.71,88489.1,10797.84
678,Kevin Snyder,Operations,77065.86,66600.71,88489.1,10465.15
212,Tammie Bright,Operations,75807.92,66600.71,88489.1,9207.21
580,Jennifer Nixon,Operations,75527.36,66600.71,88489.1,8926.65
651,Jacob Vega,Operations,75015.65,66600.71,88489.1,8414.94
645,Kyle Lawson,Operations,75003.89,66600.71,88489.1,8403.18
884,Kyle Andrade,Operations,74991.55,66600.71,88489.1,8390.84
223,Kenneth Andrews,Operations,74978.41,66600.71,88489.1,8377.7
440,Robert Hill,Operations,74718.14,66600.71,88489.1,8117.43
835,Mary Nelson,Operations,74408.91,66600.71,88489.1,7808.2
161,John Alexander,Operations,74270.67,66600.71,88489.1,7669.96
539,Mr. Paul Marquez,Operations,73987.28,66600.71,88489.1,7386.57
337,Brenda Wright,Operations,73225.45,66600.71,88489.1,6624.74
780,Sean Nicholson,Operations,72338.18,66600.71,88489.1,5737.47
535,Anna Rice,Operations,71054.72,66600.71,88489.1,4454.01
125,Justin Johnson,Operations,70844.79,66600.71,88489.1,4244.08
960,Kathryn Bates,Operations,70104.67,66600.71,88489.1,3503.96
642,Melissa Heath,Operations,70005.29,66600.71,88489.1,3404.58
241,Connie Brown,Operations,69945.36,66600.71,88489.1,3344.65
525,Katherine Smith,Operations,69668.42,66600.71,88489.1,3067.71
498,Mark Simmons,Operations,69588.35,66600.71,88489.1,2987.64
997,Emily Cox,Operations,69171.28,66600.71,88489.1,2570.57
878,Mitchell Rodriguez,Operations,68587.74,66600.71,88489.1,1987.03
26,Melanie Herrera,Operations,68497.61,66600.71,88489.1,1896.9
631,Caitlin Cantu,Operations,68116.18,66600.71,88489.1,1515.47
881,Kerry Williams,Operations,68032.72,66600.71,88489.1,1432.01
324,Parker Jennings,Operations,67959.35,66600.71,88489.1,1358.64
839,Edward Williams,Operations,67823.78,66600.71,88489.1,1223.07
410,Jonathan Robertson,Operations,67299.92,66600.71,88489.1,699.21
316,Joseph Moore,Operations,66914.76,66600.71,88489.1,314.05
609,Elizabeth Kidd,Operations,66653.82,66600.71,88489.1,53.11
760,Steven Klein,Operations,66080.92,66600.71,88489.1,-519.79
561,Shannon Mccann,Operations,65977.0,66600.71,88489.1,-623.71
679,Steven Hodges,Operations,65869.38,66600.71,88489.1,-731.33
917,Alexa Caldwell MD,Operations,65221.51,66600.71,88489.1,-1379.2
404,Lisa Edwards,Operations,64882.42,66600.71,88489.1,-1718.29
266,Kerry Chavez DDS,Operations,64668.87,66600.71,88489.1,-1931.84
89,Mr. Brian Hamilton,Operations,64444.93,66600.71,88489.1,-2155.78
895,Alexander Thomas,Operations,64004.13,66600.71,88489.1,-2596.58
510,Christine Herman,Operations,62264.19,66600.71,88489.1,-4336.52
92,Joshua Ball,Operations,62256.08,66600.71,88489.1,-4344.63
106,Matthew Smith,Operations,62050.36,66600.71,88489.1,-4550.35
755,Darrell Adams,Operations,61753.2,66600.71,88489.1,-4847.51
905,Paul Payne,Operations,61162.82,66600.71,88489.1,-5437.89
67,Adam Montoya,Operations,59998.34,66600.71,88489.1,-6602.37
552,Alexander Gomez,Operations,59736.78,66600.71,88489.1,-6863.93
140,Glenn Atkinson,Operations,59115.85,66600.71,88489.1,-7484.86
301,Jordan Bullock,Operations,58820.9,66600.71,88489.1,-7779.81
182,Thomas White,Operations,58464.89,66600.71,88489.1,-8135.82
5,Leah Pacheco,Operations,58124.99,66600.71,88489.1,-8475.72
258,Christopher Williams,Operations,58029.98,66600.71,88489.1,-8570.73
185,Donna Landry,Operations,57761.52,66600.71,88489.1,-8839.19
350,Linda Smith,Operations,57745.64,66600.71,88489.1,-8855.07
818,Paige Jackson,Operations,57571.43,66600.71,88489.1,-9029.28
400,Pamela Butler,Operations,57395.59,66600.71,88489.1,-9205.12
989,Ronald Prince,Operations,57372.59,66600.71,88489.1,-9228.12
421,John Bryant,Operations,56256.28,66600.71,88489.1,-10344.43
562,Theresa Harris,Operations,55510.84,66600.71,88489.1,-11089.87
813,Sharon James,Operations,55456.87,66600.71,88489.1,-11143.84
942,Ruben Lee,Operations,54606.39,66600.71,88489.1,-11994.32
538,Andrew Mcfarland,Operations,54411.82,66600.71,88489.1,-12188.89
665,Renee Nelson,Operations,54043.33,66600.71,88489.1,-12557.38
921,Rebekah Griffin,Operations,53764.47,66600.71,88489.1,-12836.24
100,John Santana,Operations,53703.32,66600.71,88489.1,-12897.39
817,Cassandra Walters,Operations,53690.74,66600.71,88489.1,-12909.97
436,Michelle Schneider,Operations,53414.27,66600.71,88489.1,-13186.44
514,Justin Walker,Operations,53276.14,66600.71,88489.1,-13324.57
956,Jared Lawrence,Operations,52900.26,66600.71,88489.1,-13700.45
987,Lucas Williams,Operations,52749.36,66600.71,88489.1,-13851.35
928,Robert Grant,Operations,52263.11,66600.71,88489.1,-14337.6
530,Jacqueline Sullivan,Operations,51555.36,66600.71,88489.1,-15045.35
17,Daryl Johnson,Operations,51327.93,66600.71,88489.1,-15272.78
409,Erin Lane,Operations,50201.43,66600.71,88489.1,-16399.28
531,Darrell Sutton PhD,Operations,50064.81,66600.71,88489.1,-16535.9
610,Ruth Gonzales,Operations,49998.37,66600.71,88489.1,-16602.34
166,Joseph Hayes,Operations,49852.4,66600.71,88489.1,-16748.31
866,Joan Gates,Operations,49780.89,66600.71,88489.1,-16819.82
507,Justin Mendoza,Operations,49228.67,66600.71,88489.1,-17372.04
662,Christopher Benton,Operations,48881.46,66600.71,88489.1,-17719.25
701,Austin Orr,Operations,48819.15,66600.71,88489.1,-17781.56
300,Gary Jackson,Operations,48144.13,66600.71,88489.1,-18456.58
163,Angela Soto,Operations,47786.28,66600.71,88489.1,-18814.43
257,Alexis Tyler,Operations,45408.8,66600.71,88489.1,-21191.91
485,Cassandra Medina,Operations,44893.09,66600.71,88489.1,-21707.62
419,Todd Fischer,Operations,44621.92,66600.71,88489.1,-21978.79
454,Kathleen Zuniga,Operations,44221.46,66600.71,88489.1,-22379.25
602,Michael Perry,Operations,43238.0,66600.71,88489.1,-23362.71
705,Daniel Lopez,Operations,42141.28,66600.71,88489.1,-24459.43
715,Amy Davies,Operations,41837.95,66600.71,88489.1,-24762.76
131,Christina Smith,Operations,41185.62,66600.71,88489.1,-25415.09
216,Keith Sparks,Operations,40575.75,66600.71,88489.1,-26024.96
75,Kimberly Davenport,Operations,40460.13,66600.71,88489.1,-26140.58
803,Mrs. Jennifer Price MD,Operations,40389.33,66600.71,88489.1,-26211.38
334,John Conley,Operations,39611.72,66600.71,88489.1,-26988.99
1000,Rachel Olson,Operations,39342.58,66600.71,88489.1,-27258.13
808,Pamela White,Operations,39224.32,66600.71,88489.1,-27376.39
503,Brandi Sanchez,Operations,39206.49,66600.71,88489.1,-27394.22
44,Robert Lee,Operations,37760.16,66600.71,88489.1,-28840.55
445,Chad Gilbert,Operations,35821.91,66600.71,88489.1,-30778.8
463,Danielle Green,Operations,35188.45,66600.71,88489.1,-31412.26
298,Anita Richard,Operations,35175.26,66600.71,88489.1,-31425.45
795,Julie Byrd,Sales,129951.46,82506.05,88489.1,47445.41
449,Timothy Johns,Sales,129606.8,82506.05,88489.1,47100.75
828,Thomas Powell,Sales,129264.86,82506.05,88489.1,46758.81
978,Amy Scott,Sales,129029.5,82506.05,88489.1,46523.45
768,Jason Perry,Sales,126925.3,82506.05,88489.1,44419.25
237,Holly Gibbs,Sales,126085.13,82506.05,88489.1,43579.08
76,Bethany Parker,Sales,125456.86,82506.05,88489.1,42950.81
688,Emily Owen,Sales,125083.45,82506.05,88489.1,42577.4
104,Sarah Jones,Sales,122066.72,82506.05,88489.1,39560.67
200,Joshua Reed,Sales,120822.75,82506.05,88489.1,38316.7
821,Curtis Watson,Sales,118433.97,82506.05,88489.1,35927.92
964,Arthur Wood,Sales,117472.98,82506.05,88489.1,34966.93
160,Sean Henry,Sales,116878.88,82506.05,88489.1,34372.83
219,Alexandra Ballard,Sales,116628.25,82506.05,88489.1,34122.2
529,Kelsey Ochoa,Sales,116219.85,82506.05,88489.1,33713.8
998,David Wyatt,Sales,116031.26,82506.05,88489.1,33525.21
836,Ronald Garcia,Sales,115698.66,82506.05,88489.1,33192.61
103,Curtis Johnson,Sales,114411.89,82506.05,88489.1,31905.84
724,Kevin Stark,Sales,114375.13,82506.05,88489.1,31869.08
327,Brenda Jones,Sales,112593.04,82506.05,88489.1,30086.99
143,Rhonda Medina,Sales,111819.04,82506.05,88489.1,29312.99
391,Penny Bowman,Sales,111701.33,82506.05,88489.1,29195.28
999,Desiree Becker,Sales,111620.81,82506.05,88489.1,29114.76
330,Carla Guerra,Sales,111405.46,82506.05,88489.1,28899.41
90,Lisa Dixon,Sales,109254.36,82506.05,88489.1,26748.31
859,Kelly Haynes,Sales,109045.36,82506.05,88489.1,26539.31
896,Paul Martin,Sales,108874.35,82506.05,88489.1,26368.3
195,Veronica Sanchez,Sales,108605.66,82506.05,88489.1,26099.61
588,Lucas Gonzalez,Sales,107487.39,82506.05,88489.1,24981.34
41,Darryl Whitehead,Sales,106963.84,82506.05,88489.1,24457.79
799,Shannon Green,Sales,106901.76,82506.05,88489.1,24395.71
628,Ariana Bowers,Sales,103536.06,82506.05,88489.1,21030.01
501,Samuel Turner,Sales,102400.16,82506.05,88489.1,19894.11
922,Corey Palmer,Sales,101956.12,82506.05,88489.1,19450.07
605,Patrick Cannon,Sales,100898.02,82506.05,88489.1,18391.97
963,Dr. Karen Howard,Sales,99736.09,82506.05,88489.1,17230.04
719,Justin Hart,Sales,95936.69,82506.05,88489.1,13430.64
35,Pamela Anderson,Sales,95350.65,82506.05,88489.1,12844.6
996,Bruce Smith,Sales,95341.27,82506.05,88489.1,12835.22
233,Sandra Scott,Sales,95267.32,82506.05,88489.1,12761.27
489,Molly Rodriguez,Sales,94341.73,82506.05,88489.1,11835.68
259,Patrick Alvarez,Sales,92722.91,82506.05,88489.1,10216.86
830,Holly Santos,Sales,92476.09,82506.05,88489.1,9970.04
366,Tim Stone,Sales,90857.68,82506.05,88489.1,8351.63
569,Mark Allen,Sales,89796.16,82506.05,88489.1,7290.11
700,Kevin Green,Sales,89531.62,82506.05,88489.1,7025.57
232,Joshua Mata,Sales,89316.35,82506.05,88489.1,6810.3
857,Michele Gregory,Sales,88317.32,82506.05,88489.1,5811.27
275,Warren Burke,Sales,87099.67,82506.05,88489.1,4593.62
655,Angela Herrera,Sales,86738.14,82506.05,88489.1,4232.09
325,Jay Cox,Sales,86161.22,82506.05,88489.1,3655.17
957,Joshua Lutz,Sales,85165.62,82506.05,88489.1,2659.57
948,Kevin Cunningham,Sales,83201.67,82506.05,88489.1,695.62
586,Kristin Mullen,Sales,82448.45,82506.05,88489.1,-57.6
109,Joyce Solis,Sales,80719.56,82506.05,88489.1,-1786.49
693,Michael Mckenzie,Sales,80494.93,82506.05,88489.1,-2011.12
288,Brian Jordan,Sales,80235.0,82506.05,88489.1,-2271.05
178,Andrew Reynolds,Sales,79475.39,82506.05,88489.1,-3030.66
405,Scott Hester,Sales,79454.65,82506.05,88489.1,-3051.4
883,Laura Cross,Sales,78992.58,82506.05,88489.1,-3513.47
209,Marie Christian,Sales,78537.97,82506.05,88489.1,-3968.08
515,Taylor Riley,Sales,77800.37,82506.05,88489.1,-4705.68
368,Frank Miller,Sales,76248.8,82506.05,88489.1,-6257.25
235,Tonya Taylor,Sales,74771.4,82506.05,88489.1,-7734.65
264,Angela Franklin,Sales,71132.84,82506.05,88489.1,-11373.21
758,Robert Barnes,Sales,71073.81,82506.05,88489.1,-11432.24
470,Kirsten Ruiz,Sales,70373.23,82506.05,88489.1,-12132.82
55,Edward Novak,Sales,69579.81,82506.05,88489.1,-12926.24
439,Michele Stewart,Sales,69206.06,82506.05,88489.1,-13299.99
159,William Tran,Sales,69124.92,82506.05,88489.1,-13381.13
281,Ellen Morgan,Sales,68291.51,82506.05,88489.1,-14214.54
341,Jerry Bailey,Sales,68201.31,82506.05,88489.1,-14304.74
674,Stephanie White,Sales,67404.14,82506.05,88489.1,-15101.91
710,Richard Howard MD,Sales,66452.51,82506.05,88489.1,-16053.54
415,Jacob Morales,Sales,66026.87,82506.05,88489.1,-16479.18
66,Michele Carr,Sales,65178.72,82506.05,88489.1,-17327.33
929,Deanna Hughes,Sales,64833.55,82506.05,88489.1,-17672.5
746,Brian Harris,Sales,64752.23,82506.05,88489.1,-17753.82
6,Michael Peterson,Sales,63290.2,82506.05,88489.1,-19215.85
60,Lisa Barnes,Sales,62831.4,82506.05,88489.1,-19674.65
392,Mr. Thomas Brown,Sales,62275.91,82506.05,88489.1,-20230.14
360,Elaine Williams,Sales,61770.4,82506.05,88489.1,-20735.65
71,Susan Mathis,Sales,61697.63,82506.05,88489.1,-20808.42
61,Timothy Harris,Sales,61375.58,82506.05,88489.1,-21130.47
980,Matthew Campbell,Sales,60974.02,82506.05,88489.1,-21532.03
845,Dylan Solis,Sales,60961.17,82506.05,88489.1,-21544.88
448,Aaron Pierce,Sales,60598.79,82506.05,88489.1,-21907.26
722,Tabitha Harris,Sales,60070.88,82506.05,88489.1,-22435.17
413,Matthew Ruiz,Sales,58902.64,82506.05,88489.1,-23603.41
643,Nicole Lawrence,Sales,58365.79,82506.05,88489.1,-24140.26
238,Jesse Chambers,Sales,56667.6,82506.05,88489.1,-25838.45
153,Jeffery Reese,Sales,54274.46,82506.05,88489.1,-28231.59
129,Kimberly Cooke,Sales,53920.49,82506.05,88489.1,-28585.56
188,Jason Lopez,Sales,53350.89,82506.05,88489.1,-29155.16
256,Danielle Thompson,Sales,53270.73,82506.05,88489.1,-29235.32
99,Matthew Marshall,Sales,52534.49,82506.05,88489.1,-29971.56
593,Laurie Bailey,Sales,52386.68,82506.05,88489.1,-30119.37
227,Lawrence Gomez,Sales,50924.64,82506.05,88489.1,-31581.41
145,Brandon Keith,Sales,50830.49,82506.05,88489.1,-31675.56
215,Elaine Brooks,Sales,50784.61,82506.05,88489.1,-31721.44
890,Gregory Chambers,Sales,49652.22,82506.05,88489.1,-32853.83
491,Ashlee Johnson,Sales,49526.79,82506.05,88489.1,-32979.26
771,Jason Reyes,Sales,49327.31,82506.05,88489.1,-33178.74
664,Derrick Tanner,Sales,48607.66,82506.05,88489.1,-33898.39
399,Amber May,Sales,48286.03,82506.05,88489.1,-34220.02
805,Rachel Knox,Sales,48137.71,82506.05,88489.1,-34368.34
734,David Haas,Sales,46967.04,82506.05,88489.1,-35539.01
63,Paul Jones,Sales,46789.11,82506.05,88489.1,-35716.94
815,Keith Knox,Sales,45619.98,82506.05,88489.1,-36886.07
599,Katherine Taylor,Sales,45618.82,82506.05,88489.1,-36887.23
459,Dawn Lopez,Sales,44970.03,82506.05,88489.1,-37536.02
604,Donald Medina,Sales,44827.13,82506.05,88489.1,-37678.92
33,Elizabeth Brown,Sales,41391.1,82506.05,88489.1,-41114.95
81,Nancy Cook,Sales,40233.55,82506.05,88489.1,-42272.5
